{"cameraMode":{"drawMode":0,"name":"Shaded","section":"Shading Mode"},"sceneLighting":true,"audioPlay":false,"sceneViewState":{"m_AlwaysRefresh":false,"showFog":true,"showSkybox":true,"showFlares":true,"showImageEffects":true,"showParticleSystems":true,"showVisualEffectGraphs":true,"m_FxEnabled":true},"in2DMode":false,"pivot":{"x":3.7848198413848879,"y":8.670639991760254,"z":-3.322890043258667},"rotation":{"x":0.42867979407310488,"y":-0.5304557681083679,"z":0.35594284534454348,"w":0.6388741135597229},"size":0.8660253882408142,"orthographic":false}